table,lengths,n_original,set_acc_original,syntax_original,ccer_original,overfill_original,n_variant,set_acc_variant,syntax_variant,ccer_variant,overfill_variant,interface,n_items,n_slots,own,sibling_fit,sibling,overfill,truncated,other,unparsed,slots,other_sibling,wrong,jstar_own,surplus,class,n,mean_p_close,median_p_pad,mean_p_content,pick_closer,pick_pad,pick_content,ended,bare_closer,no_closer,longer_closers,bare,content,top5_closers,unclosed,unclosed_overfill
items,exact k=1,400,0.8975,0.99,0.01,0.005,400,0.7025,0.7675,0.005,0.0,,,,,,,,,,,,,,,,,,,,,,,,,,,,,,,,
items,+1 k=1,400,0.155,0.8225,0.0275,0.5475,400,0.2675,0.4375,0.0025,0.125,,,,,,,,,,,,,,,,,,,,,,,,,,,,,,,,
items,+2 k=1,400,0.0325,0.7525,0.0375,0.6275,400,0.1675,0.33,0.0075,0.125,,,,,,,,,,,,,,,,,,,,,,,,,,,,,,,,
items,+4 k=1,400,0.17,0.8075,0.0375,0.51,400,0.235,0.365,0.0025,0.09,,,,,,,,,,,,,,,,,,,,,,,,,,,,,,,,
items,+8 k=1,400,0.6,0.895,0.0175,0.18,400,0.395,0.43,0.0025,0.0075,,,,,,,,,,,,,,,,,,,,,,,,,,,,,,,,
items,exact k=16,400,0.845,0.9475,0.02,0.0125,400,0.5025,0.55,0.0025,0.0,,,,,,,,,,,,,,,,,,,,,,,,,,,,,,,,
items,+1 k=16,400,0.05,0.7475,0.07,0.6025,400,0.1,0.2125,0.01,0.0925,,,,,,,,,,,,,,,,,,,,,,,,,,,,,,,,
items,swap k=1,165,0.6727272727272727,0.9878787878787879,0.15151515151515152,0.030303030303030304,165,0.3575757575757576,0.4666666666666667,0.05454545454545454,0.030303030303030304,,,,,,,,,,,,,,,,,,,,,,,,,,,,,,,,
items,onesided k=1,165,0.17575757575757575,0.9878787878787879,0.42424242424242425,0.22424242424242424,165,0.24848484848484848,0.5393939393939394,0.09696969696969697,0.06060606060606061,,,,,,,,,,,,,,,,,,,,,,,,,,,,,,,,
slots,exact k=1,,,,,,,,,,,original,400,3063,0.9539666993143977,0.0075089781260202415,0.0,0.001632386549134835,0.0,0.02742409402546523,0.009467841984982043,,,,,,,,,,,,,,,,,,,,,,
slots,exact k=1,,,,,,,,,,,variant,400,3063,0.752530199151159,0.005223636957231472,0.0,0.0,0.0,0.02317988899771466,0.21906627489389488,,,,,,,,,,,,,,,,,,,,,,
slots,+1 k=1,,,,,,,,,,,original,400,3063,0.33986287952987265,0.001632386549134835,0.00326477309826967,0.3512895853738165,0.0035912504080966375,0.11655239960822723,0.18380672543258245,,,,,,,,,,,,,,,,,,,,,,
slots,+1 k=1,,,,,,,,,,,variant,400,3063,0.37773424746980083,0.000326477309826967,0.0019588638589618022,0.061704211557296766,0.0009794319294809011,0.019915115899444988,0.5373816519751877,,,,,,,,,,,,,,,,,,,,,,
slots,+2 k=1,,,,,,,,,,,original,400,3063,0.12047012732615084,0.0009794319294809011,0.0,0.4404178909565785,0.0009794319294809011,0.1821743388834476,0.25497877897486126,,,,,,,,,,,,,,,,,,,,,,
slots,+2 k=1,,,,,,,,,,,variant,400,3063,0.24094025465230168,0.0,0.0039177277179236044,0.07117205354227882,0.0,0.026771139405811297,0.6571988246816847,,,,,,,,,,,,,,,,,,,,,,
slots,+4 k=1,,,,,,,,,,,original,400,3063,0.29644139732288605,0.0,0.001305909239307868,0.3418217433888345,0.001305909239307868,0.15409729023832844,0.2050277505713353,,,,,,,,,,,,,,,,,,,,,,
slots,+4 k=1,,,,,,,,,,,variant,400,3063,0.28338230492980737,0.0,0.002611818478615736,0.04995102840352596,0.0,0.02742409402546523,0.6366307541625857,,,,,,,,,,,,,,,,,,,,,,
slots,+8 k=1,,,,,,,,,,,original,400,3063,0.7362063336598107,0.0,0.00555011426705844,0.10447273914462944,0.000326477309826967,0.054195233431276524,0.09924910218739798,,,,,,,,,,,,,,,,,,,,,,
slots,+8 k=1,,,,,,,,,,,variant,400,3063,0.44302970943519426,0.0,0.008488410055501142,0.002938295788442703,0.0,0.008488410055501142,0.5370551746653608,,,,,,,,,,,,,,,,,,,,,,
slots,exact k=16,,,,,,,,,,,original,400,3063,0.9200130590923931,0.00652954619653934,0.0,0.002285341168788769,0.000326477309826967,0.021221025138752857,0.04962455109369899,,,,,,,,,,,,,,,,,,,,,,
slots,exact k=16,,,,,,,,,,,variant,400,3063,0.5452171074110349,0.002285341168788769,0.0,0.0,0.000652954619653934,0.01632386549134835,0.435520731309174,,,,,,,,,,,,,,,,,,,,,,
slots,+1 k=16,,,,,,,,,,,original,400,3063,0.21057786483839372,0.0019588638589618022,0.0009794319294809011,0.3823049298073784,0.0035912504080966375,0.12895853738165197,0.27162912177603654,,,,,,,,,,,,,,,,,,,,,,
slots,+1 k=16,,,,,,,,,,,variant,400,3063,0.16519751877244532,0.000326477309826967,0.0,0.05190989226248776,0.0,0.017956252040483185,0.7646098596147568,,,,,,,,,,,,,,,,,,,,,,
slots,swap k=1,,,,,,,,,,,original,165,1380,0.4855072463768116,0.4398550724637681,0.0,0.010144927536231883,0.008695652173913044,0.04492753623188406,0.010869565217391304,,,,,,,,,,,,,,,,,,,,,,
slots,swap k=1,,,,,,,,,,,variant,165,1380,0.2289855072463768,0.22826086956521738,0.0,0.004347826086956522,0.002173913043478261,0.009420289855072464,0.5268115942028986,,,,,,,,,,,,,,,,,,,,,,
slots,onesided k=1,,,,,,,,,,,original,165,1380,0.8115942028985508,0.08405797101449275,0.0014492753623188406,0.036231884057971016,0.002173913043478261,0.0536231884057971,0.010869565217391304,,,,,,,,,,,,,,,,,,,,,,
slots,onesided k=1,,,,,,,,,,,variant,165,1380,0.47681159420289854,0.02826086956521739,0.002173913043478261,0.008695652173913044,0.0007246376811594203,0.03985507246376811,0.4434782608695652,,,,,,,,,,,,,,,,,,,,,,
swap_slots,exact k=1,,,,,,,,,,,original,,514,0.9630350194552529,0.0,0.0,0.0019455252918287938,0.0,0.03501945525291829,0.0,all,,,,,,,,,,,,,,,,,,,,,
swap_slots,exact k=1,,,,,,,,,,,original,,258,0.9612403100775194,0.0,0.0,0.0,0.0,0.03875968992248062,0.0,longer,,,,,,,,,,,,,,,,,,,,,
swap_slots,exact k=1,,,,,,,,,,,original,,256,0.96484375,0.0,0.0,0.00390625,0.0,0.03125,0.0,shorter,,,,,,,,,,,,,,,,,,,,,
swap_slots,exact k=1,,,,,,,,,,,variant,,514,0.7315175097276264,0.0,0.0,0.0,0.0,0.033073929961089495,0.23540856031128404,all,,,,,,,,,,,,,,,,,,,,,
swap_slots,exact k=1,,,,,,,,,,,variant,,258,0.7325581395348837,0.0,0.0,0.0,0.0,0.031007751937984496,0.2364341085271318,longer,,,,,,,,,,,,,,,,,,,,,
swap_slots,exact k=1,,,,,,,,,,,variant,,256,0.73046875,0.0,0.0,0.0,0.0,0.03515625,0.234375,shorter,,,,,,,,,,,,,,,,,,,,,
swap_slots,swap k=1,,,,,,,,,,,original,,514,0.054474708171206226,0.7937743190661478,0.0,0.023346303501945526,0.023346303501945526,0.09727626459143969,0.007782101167315175,all,,,,,,,,,,,,,,,,,,,,,
swap_slots,swap k=1,,,,,,,,,,,original,,258,0.05813953488372093,0.7906976744186046,0.0,0.046511627906976744,0.0,0.09689922480620156,0.007751937984496124,longer,,,,,,,,,,,,,,,,,,,,,
swap_slots,swap k=1,,,,,,,,,,,original,,256,0.05078125,0.796875,0.0,0.0,0.046875,0.09765625,0.0078125,shorter,,,,,,,,,,,,,,,,,,,,,
swap_slots,swap k=1,,,,,,,,,,,variant,,514,0.01556420233463035,0.41050583657587547,0.0,0.011673151750972763,0.005836575875486381,0.021400778210116732,0.5350194552529183,all,,,,,,,,,,,,,,,,,,,,,
swap_slots,swap k=1,,,,,,,,,,,variant,,258,0.015503875968992248,0.4108527131782946,0.0,0.023255813953488372,0.0,0.01937984496124031,0.5310077519379846,longer,,,,,,,,,,,,,,,,,,,,,
swap_slots,swap k=1,,,,,,,,,,,variant,,256,0.015625,0.41015625,0.0,0.0,0.01171875,0.0234375,0.5390625,shorter,,,,,,,,,,,,,,,,,,,,,
onesided,,,,,,,,,,,,original,165,243,0.21810699588477367,0.35390946502057613,,0.205761316872428,0.00823045267489712,0.2222222222222222,0.012345679012345678,,0.01646090534979424,0.18518518518518517,0.9094650205761317,,,,,,,,,,,,,,,,,,
onesided,,,,,,,,,,,,variant,165,243,0.2674897119341564,0.102880658436214,,0.04938271604938271,0.0,0.5802469135802469,0.46502057613168724,,0.00411522633744856,0.1111111111111111,0.4732510288065844,,,,,,,,,,,,,,,,,,
probe,,,,,,,,,,,,variant,,,,,,,,,,,,,,0,all,3063,0.604563079635013,2.06816594072734e-06,0.39541097054050056,0.900424420502775,0.0,0.09957557949722494,,,,,,,,,
probe,,,,,,,,,,,,original,,,,,,,,,,,,,,1,all,3063,0.009700428449828349,1.0204021236859262e-05,0.9902683684874933,0.023832843617368593,0.0,0.9761671563826314,,,,,,,,,
probe,,,,,,,,,,,,variant,,,,,,,,,,,,,,1,all,3063,0.42957081179249906,4.1790328396018595e-05,0.5703073854352427,0.6284688214169115,0.0,0.3715311785830885,,,,,,,,,
probe,,,,,,,,,,,,original,,,,,,,,,,,,,,2,all,3063,0.032651813096234994,2.1861353161511943e-05,0.9672227899654646,0.17368592882794645,0.0,0.8263140711720536,,,,,,,,,
probe,,,,,,,,,,,,variant,,,,,,,,,,,,,,2,all,3063,0.3450292454516533,1.7467711586505175e-05,0.6549293427743198,0.6124714332353901,0.0,0.38752856676460984,,,,,,,,,
probe,,,,,,,,,,,,original,,,,,,,,,,,,,,4,all,3063,0.2541217265977554,2.7955620680586435e-05,0.7458164982337495,0.5142017629774731,0.0,0.48579823702252695,,,,,,,,,
probe,,,,,,,,,,,,variant,,,,,,,,,,,,,,4,all,3063,0.5292431589920377,3.5515760828275234e-05,0.4706719940473262,0.7806072477962782,0.0,0.21939275220372184,,,,,,,,,
probe,,,,,,,,,,,,original,,,,,,,,,,,,,,8,all,3063,0.7395001248331267,9.466722985962406e-06,0.2604535379036087,0.8945478289258897,0.0,0.10545217107411035,,,,,,,,,
probe,,,,,,,,,,,,variant,,,,,,,,,,,,,,8,all,3063,0.8157558163121426,1.3374728951021098e-05,0.1841795603450735,0.9353574926542605,0.0,0.06464250734573947,,,,,,,,,
probe,,,,,,,,,,,,variant,,,,,,,,,,,,,,0,boolean,103,0.6541725328752717,1.8795981304720044e-05,0.34571789618770354,1.0,0.0,0.0,,,,,,,,,
probe,,,,,,,,,,,,original,,,,,,,,,,,,,,1,boolean,103,0.052977484876959066,3.0975239496910945e-05,0.9469850557957723,0.038834951456310676,0.0,0.9611650485436893,,,,,,,,,
probe,,,,,,,,,,,,variant,,,,,,,,,,,,,,1,boolean,103,0.4275971277824883,9.970277460524812e-05,0.5722526081286666,0.9805825242718447,0.0,0.019417475728155338,,,,,,,,,
probe,,,,,,,,,,,,original,,,,,,,,,,,,,,2,boolean,103,0.1592237495012509,7.266244938364252e-05,0.8406646623631822,1.0,0.0,0.0,,,,,,,,,
probe,,,,,,,,,,,,variant,,,,,,,,,,,,,,2,boolean,103,0.19453033638521305,3.2255622500088066e-05,0.8054159367069084,0.9514563106796117,0.0,0.04854368932038835,,,,,,,,,
probe,,,,,,,,,,,,original,,,,,,,,,,,,,,4,boolean,103,0.29222513525520716,1.6063959265011363e-05,0.7077502913140621,0.9320388349514563,0.0,0.06796116504854369,,,,,,,,,
probe,,,,,,,,,,,,variant,,,,,,,,,,,,,,4,boolean,103,0.48318373845908247,2.833763755916152e-05,0.5167723008386018,0.9805825242718447,0.0,0.019417475728155338,,,,,,,,,
probe,,,,,,,,,,,,original,,,,,,,,,,,,,,8,boolean,103,0.8730882166080105,2.881994532799581e-06,0.12690443572046672,1.0,0.0,0.0,,,,,,,,,
probe,,,,,,,,,,,,variant,,,,,,,,,,,,,,8,boolean,103,0.8682929041605552,6.42302620690316e-06,0.13169076344869116,0.9902912621359223,0.0,0.009708737864077669,,,,,,,,,
probe,,,,,,,,,,,,variant,,,,,,,,,,,,,,0,float,281,0.7839550395625448,4.762463504448533e-06,0.21601625302340233,0.9039145907473309,0.0,0.09608540925266904,,,,,,,,,
probe,,,,,,,,,,,,original,,,,,,,,,,,,,,1,float,281,0.0024395142028970115,3.172782498950255e-06,0.997543678930553,0.0,0.0,1.0,,,,,,,,,
probe,,,,,,,,,,,,variant,,,,,,,,,,,,,,1,float,281,0.14513932557763,3.7037065339973196e-05,0.8547380147048778,0.3096085409252669,0.0,0.6903914590747331,,,,,,,,,
probe,,,,,,,,,,,,original,,,,,,,,,,,,,,2,float,281,0.024949273156069797,2.1413979993667454e-05,0.9749971939636186,0.046263345195729534,0.0,0.9537366548042705,,,,,,,,,
probe,,,,,,,,,,,,variant,,,,,,,,,,,,,,2,float,281,0.07080433789758324,2.8539947379613295e-05,0.929146349934567,0.18149466192170818,0.0,0.8185053380782918,,,,,,,,,
probe,,,,,,,,,,,,original,,,,,,,,,,,,,,4,float,281,0.09825220627352277,2.1139654563739896e-05,0.9017156433463144,0.11387900355871886,0.0,0.8861209964412812,,,,,,,,,
probe,,,,,,,,,,,,variant,,,,,,,,,,,,,,4,float,281,0.31052960059688395,5.520636113942601e-05,0.6893689417202525,0.4804270462633452,0.0,0.5195729537366548,,,,,,,,,
probe,,,,,,,,,,,,original,,,,,,,,,,,,,,8,float,281,0.5481561348306221,1.7658056094660424e-05,0.4518166616588323,0.8078291814946619,0.0,0.19217081850533807,,,,,,,,,
probe,,,,,,,,,,,,variant,,,,,,,,,,,,,,8,float,281,0.7224356293996458,3.4427437640260905e-05,0.27749604720462945,0.9252669039145908,0.0,0.07473309608540925,,,,,,,,,
probe,,,,,,,,,,,,variant,,,,,,,,,,,,,,0,generic,201,0.4155173208239455,5.4382620874093845e-05,0.5842748583450846,0.4577114427860697,0.0,0.5422885572139303,,,,,,,,,
probe,,,,,,,,,,,,original,,,,,,,,,,,,,,1,generic,201,0.03485964739055776,4.479399649426341e-05,0.965067923009994,0.04477611940298507,0.0,0.9552238805970149,,,,,,,,,
probe,,,,,,,,,,,,variant,,,,,,,,,,,,,,1,generic,201,0.05725247760196749,0.00015584078209940344,0.9424029336557341,0.024875621890547265,0.0,0.9751243781094527,,,,,,,,,
probe,,,,,,,,,,,,original,,,,,,,,,,,,,,2,generic,201,0.013247372396927401,0.00026423094095662236,0.9863303514324779,0.0,0.0,1.0,,,,,,,,,
probe,,,,,,,,,,,,variant,,,,,,,,,,,,,,2,generic,201,0.027354141555677877,6.391783244907856e-05,0.9725070179330163,0.0,0.0,1.0,,,,,,,,,
probe,,,,,,,,,,,,original,,,,,,,,,,,,,,4,generic,201,0.04472184689502366,0.00011497610103106126,0.9551016066483322,0.009950248756218905,0.0,0.9900497512437811,,,,,,,,,
probe,,,,,,,,,,,,variant,,,,,,,,,,,,,,4,generic,201,0.09982883948074024,0.00013330309593584388,0.8998294971817714,0.11940298507462686,0.0,0.8805970149253731,,,,,,,,,
probe,,,,,,,,,,,,original,,,,,,,,,,,,,,8,generic,201,0.43258500629711655,9.213214798364788e-05,0.567170164673917,0.5771144278606966,0.0,0.4228855721393035,,,,,,,,,
probe,,,,,,,,,,,,variant,,,,,,,,,,,,,,8,generic,201,0.45488466060169,0.00012099952436983585,0.5448260418868935,0.6417910447761194,0.0,0.3582089552238806,,,,,,,,,
probe,,,,,,,,,,,,variant,,,,,,,,,,,,,,0,integer,1014,0.8082434475239131,1.5810376794433978e-06,0.19174318371973115,0.9211045364891519,0.0,0.07889546351084813,,,,,,,,,
probe,,,,,,,,,,,,original,,,,,,,,,,,,,,1,integer,1014,0.008869023782931463,6.033461659171735e-06,0.9911145294287323,0.005917159763313609,0.0,0.9940828402366864,,,,,,,,,
probe,,,,,,,,,,,,variant,,,,,,,,,,,,,,1,integer,1014,0.19298889991986087,3.238405224692542e-05,0.8069041346447955,0.4240631163708087,0.0,0.5759368836291914,,,,,,,,,
probe,,,,,,,,,,,,original,,,,,,,,,,,,,,2,integer,1014,0.01569841421784122,2.329891913177562e-06,0.9842820511089879,0.1794871794871795,0.0,0.8205128205128205,,,,,,,,,
probe,,,,,,,,,,,,variant,,,,,,,,,,,,,,2,integer,1014,0.07923916529761492,1.6271475033136085e-05,0.9207324557091358,0.3895463510848126,0.0,0.6104536489151874,,,,,,,,,
probe,,,,,,,,,,,,original,,,,,,,,,,,,,,4,integer,1014,0.20123367303191722,1.5385532606160268e-05,0.7987418091593796,0.5098619329388561,0.0,0.490138067061144,,,,,,,,,
probe,,,,,,,,,,,,variant,,,,,,,,,,,,,,4,integer,1014,0.4202777388183257,3.507862129481509e-05,0.5796577839651462,0.7495069033530573,0.0,0.2504930966469428,,,,,,,,,
probe,,,,,,,,,,,,original,,,,,,,,,,,,,,8,integer,1014,0.7521115081032088,9.955565928976284e-06,0.24785681125906486,0.9339250493096647,0.0,0.06607495069033531,,,,,,,,,
probe,,,,,,,,,,,,variant,,,,,,,,,,,,,,8,integer,1014,0.8226388227304763,1.7627067791181616e-05,0.1773001601366081,0.9674556213017751,0.0,0.03254437869822485,,,,,,,,,
probe,,,,,,,,,,,,variant,,,,,,,,,,,,,,0,string,1464,0.4515216794016091,1.5040449170555803e-06,0.5484750393029196,0.9392076502732241,0.0,0.060792349726775954,,,,,,,,,
probe,,,,,,,,,,,,original,,,,,,,,,,,,,,1,string,1464,0.005170934881891241,1.3063106962363236e-05,0.9947909786782778,0.036885245901639344,0.0,0.9631147540983607,,,,,,,,,
probe,,,,,,,,,,,,variant,,,,,,,,,,,,,,1,string,1464,0.6992829572095491,3.867674240609631e-05,0.30061771763948086,0.889344262295082,0.0,0.11065573770491803,,,,,,,,,
probe,,,,,,,,,,,,original,,,,,,,,,,,,,,2,string,1464,0.03963169241093575,4.001149136456661e-05,0.960195582974448,0.1598360655737705,0.0,0.8401639344262295,,,,,,,,,
probe,,,,,,,,,,,,variant,,,,,,,,,,,,,,2,string,1464,0.6359598628121881,1.3415258308668854e-05,0.36400545793150046,0.9098360655737705,0.0,0.09016393442622951,,,,,,,,,
probe,,,,,,,,,,,,original,,,,,,,,,,,,,,4,string,1464,0.346739586061827,4.33465393143706e-05,0.6531802874866027,0.6338797814207651,0.0,0.366120218579235,,,,,,,,,
probe,,,,,,,,,,,,variant,,,,,,,,,,,,,,4,string,1464,0.7088919598812777,2.8372697670420166e-05,0.29104465593101014,0.9364754098360656,0.0,0.06352459016393443,,,,,,,,,
probe,,,,,,,,,,,,original,,,,,,,,,,,,,,8,string,1464,0.8002310564777753,6.589227041331469e-06,0.1997332910363828,0.9200819672131147,0.0,0.07991803278688525,,,,,,,,,
probe,,,,,,,,,,,,variant,,,,,,,,,,,,,,8,string,1464,0.87474993261244,8.134970357787097e-06,0.12521110562804497,0.9515027322404371,0.0,0.04849726775956284,,,,,,,,,
variant_closers,exact k=1,,,,,,,,,,,,,3063,,,,,,,,,,,,,,,,,,,,,0.9239307868103167,0.4441696113074205,0.07606921318968332,,,,,,
variant_closers,+1 k=1,,,,,,,,,,,,,3063,,,,,,,,,,,,,,,,,,,,,0.8321906627489389,0.7426441741859553,0.16780933725106106,,,,,,
variant_closers,+2 k=1,,,,,,,,,,,,,3063,,,,,,,,,,,,,,,,,,,,,0.7848514528240287,0.737936772046589,0.21514854717597126,,,,,,
variant_closers,+4 k=1,,,,,,,,,,,,,3063,,,,,,,,,,,,,,,,,,,,,0.8759386222657525,0.5318673127096534,0.12406137773424747,,,,,,
variant_closers,+8 k=1,,,,,,,,,,,,,3063,,,,,,,,,,,,,,,,,,,,,0.9298073783872021,0.5298455056179775,0.0701926216127979,,,,,,
variant_closers,exact k=16,,,,,,,,,,,,,3063,,,,,,,,,,,,,,,,,,,,,0.8697355533790402,0.47184684684684686,0.13026444662095985,,,,,,
variant_closers,+1 k=16,,,,,,,,,,,,,3063,,,,,,,,,,,,,,,,,,,,,0.7362063336598107,0.78980044345898,0.26379366634018936,,,,,,
variant_closers,swap k=1,,,,,,,,,,,,,1380,,,,,,,,,,,,,,,,,,,,,0.803623188405797,0.49684400360685305,0.1963768115942029,,,,,,
variant_closers,onesided k=1,,,,,,,,,,,,,1380,,,,,,,,,,,,,,,,,,,,,0.8376811594202899,0.4801038062283737,0.16231884057971013,,,,,,
bare_vs_content,exact k=1,,,,,,,,,,,,,,,,,,,,,,,,,,,,,,,,,,,,,1506,0.20783532536520585,0.397742363877822,0.3944223107569721,,
bare_vs_content,+1 k=1,,,,,,,,,,,,,,,,,,,,,,,,,,,,,,,,,,,,,645,0.5488372093023256,0.25426356589147286,0.19689922480620156,,
bare_vs_content,+2 k=1,,,,,,,,,,,,,,,,,,,,,,,,,,,,,,,,,,,,,620,0.5935483870967742,0.31129032258064515,0.09516129032258064,,
bare_vs_content,+4 k=1,,,,,,,,,,,,,,,,,,,,,,,,,,,,,,,,,,,,,1240,0.5491935483870968,0.43548387096774194,0.01532258064516129,,
bare_vs_content,+8 k=1,,,,,,,,,,,,,,,,,,,,,,,,,,,,,,,,,,,,,1327,0.6593820648078372,0.3360964581763376,0.00452147701582517,,
bare_vs_content,exact k=16,,,,,,,,,,,,,,,,,,,,,,,,,,,,,,,,,,,,,1376,0.10537790697674419,0.45130813953488375,0.4433139534883721,,
bare_vs_content,+1 k=16,,,,,,,,,,,,,,,,,,,,,,,,,,,,,,,,,,,,,469,0.4861407249466951,0.44776119402985076,0.06609808102345416,,
bare_vs_content,swap k=1,,,,,,,,,,,,,,,,,,,,,,,,,,,,,,,,,,,,,540,0.24814814814814815,0.45185185185185184,0.3,,
bare_vs_content,onesided k=1,,,,,,,,,,,,,,,,,,,,,,,,,,,,,,,,,,,,,581,0.2667814113597246,0.38209982788296043,0.35111876075731496,,
slots_read_alone,exact k=1,,,,,,,,,,,original,,3063,0.9598432908912831,0.00881488736532811,0.0,0.001632386549134835,0.0,0.029709435194253998,,,,,,,,,,,,,,,,,,,,,,,
slots_read_alone,exact k=1,,,,,,,,,,,variant,,3063,0.8991185112634672,0.008488410055501142,0.0009794319294809011,0.047665687234737186,0.0,0.04374795951681358,,,,,,,,,,,,,,,,,,,,,,0.07606921318968332,0.04733920992491022
slots_read_alone,+1 k=1,,,,,,,,,,,original,,3063,0.37479595168135815,0.001632386549134835,0.00326477309826967,0.4443356186745021,0.0035912504080966375,0.17238001958863858,,,,,,,,,,,,,,,,,,,,,,,
slots_read_alone,+1 k=1,,,,,,,,,,,variant,,3063,0.6248775710088149,0.001305909239307868,0.0039177277179236044,0.2615083251714006,0.002285341168788769,0.10610512569376428,,,,,,,,,,,,,,,,,,,,,,0.16780933725106106,0.10218739797584069
slots_read_alone,+2 k=1,,,,,,,,,,,original,,3063,0.1446294482533464,0.0009794319294809011,0.000326477309826967,0.5572967678746327,0.0009794319294809011,0.2957884427032321,,,,,,,,,,,,,,,,,,,,,,,
slots_read_alone,+2 k=1,,,,,,,,,,,variant,,3063,0.49134835128958537,0.0,0.00555011426705844,0.3872020894547829,0.0009794319294809011,0.1149200130590924,,,,,,,,,,,,,,,,,,,,,,0.21514854717597126,0.1514854717597127
slots_read_alone,+4 k=1,,,,,,,,,,,original,,3063,0.3326803787136794,0.0,0.001632386549134835,0.4267058439438459,0.004897159647404506,0.23408423114593535,,,,,,,,,,,,,,,,,,,,,,,
slots_read_alone,+4 k=1,,,,,,,,,,,variant,,3063,0.6699314397649363,0.0,0.005223636957231472,0.24126673196212864,0.001305909239307868,0.08227228207639568,,,,,,,,,,,,,,,,,,,,,,0.12406137773424747,0.0842311459353575
slots_read_alone,+8 k=1,,,,,,,,,,,original,,3063,0.7864838393731636,0.0,0.0068560235063663075,0.12993796931113288,0.000326477309826967,0.07639569049951028,,,,,,,,,,,,,,,,,,,,,,,
slots_read_alone,+8 k=1,,,,,,,,,,,variant,,3063,0.8112961149200131,0.0,0.01110022853411688,0.11165523996082272,0.0,0.06594841658504734,,,,,,,,,,,,,,,,,,,,,,0.0701926216127979,0.04342148220698661
slots_read_alone,exact k=16,,,,,,,,,,,original,,3063,0.9513548808357819,0.007835455435847209,0.0,0.002285341168788769,0.000652954619653934,0.03787136793992817,,,,,,,,,,,,,,,,,,,,,,,
slots_read_alone,exact k=16,,,,,,,,,,,variant,,3063,0.8488410055501142,0.006203068886712374,0.0009794319294809011,0.08227228207639568,0.001305909239307868,0.0603983023179889,,,,,,,,,,,,,,,,,,,,,,0.13026444662095985,0.08194580476656872
slots_read_alone,+1 k=16,,,,,,,,,,,original,,3063,0.25367286973555336,0.002285341168788769,0.0009794319294809011,0.5373816519751877,0.0039177277179236044,0.20176297747306562,,,,,,,,,,,,,,,,,,,,,,,
slots_read_alone,+1 k=16,,,,,,,,,,,variant,,3063,0.47175971269996736,0.001305909239307868,0.0009794319294809011,0.39242572641201434,0.005876591576885406,0.1276526281423441,,,,,,,,,,,,,,,,,,,,,,0.26379366634018936,0.17205354227881162
slots_read_alone,swap k=1,,,,,,,,,,,original,,1380,0.4920289855072464,0.4398550724637681,0.0,0.010144927536231883,0.009420289855072464,0.04855072463768116,,,,,,,,,,,,,,,,,,,,,,,
slots_read_alone,swap k=1,,,,,,,,,,,variant,,1380,0.5659420289855073,0.26956521739130435,0.002173913043478261,0.07101449275362319,0.012318840579710146,0.07898550724637682,,,,,,,,,,,,,,,,,,,,,,0.1963768115942029,0.06304347826086956
slots_read_alone,onesided k=1,,,,,,,,,,,original,,1380,0.8152173913043478,0.08405797101449275,0.0014492753623188406,0.036231884057971016,0.002173913043478261,0.06086956521739131,,,,,,,,,,,,,,,,,,,,,,,
slots_read_alone,onesided k=1,,,,,,,,,,,variant,,1380,0.755072463768116,0.03985507246376811,0.0036231884057971015,0.12173913043478261,0.0014492753623188406,0.0782608695652174,,,,,,,,,,,,,,,,,,,,,,0.16231884057971013,0.10072463768115943
swap_slots_read_alone,exact k=1,,,,,,,,,,,original,,514,0.9630350194552529,0.0,0.0,0.0019455252918287938,0.0,0.03501945525291829,,,,,,,,,,,,,,,,,,,,,,,
swap_slots_read_alone,exact k=1,,,,,,,,,,,variant,,514,0.8813229571984436,0.0,0.0038910505836575876,0.06614785992217899,0.0,0.048638132295719845,,,,,,,,,,,,,,,,,,,,,,,
swap_slots_read_alone,swap k=1,,,,,,,,,,,original,,514,0.054474708171206226,0.7937743190661478,0.0,0.023346303501945526,0.02529182879377432,0.10311284046692606,,,,,,,,,,,,,,,,,,,,,,,
swap_slots_read_alone,swap k=1,,,,,,,,,,,variant,,514,0.24708171206225682,0.49221789883268485,0.0,0.0933852140077821,0.021400778210116732,0.14591439688715954,,,,,,,,,,,,,,,,,,,,,,,
onesided_read_alone,,,,,,,,,,,,original,,243,0.21810699588477367,0.35390946502057613,,0.20164609053497942,,0.22633744855967078,,,,,0.9094650205761317,,,,,,,,,,,,,,,,,,
onesided_read_alone,,,,,,,,,,,,variant,,243,0.40329218106995884,0.13991769547325103,,0.23868312757201646,,0.21810699588477367,,,,,0.7407407407407407,,,,,,,,,,,,,,,,,,
