model,length_mode,surplus,cfg,n,wrong_entity,magnitude,duplicate,unparsed,any_wrong
Dream-v0-Instruct-7B,length_estimate,0,confidence_k16_tnone_bfull_T0.0,400,0.05,0.2025,0.03,0.18,0.6775
Dream-v0-Instruct-7B,length_estimate,0,confidence_k1_tnone_bfull_T0.0,400,0.04,0.1975,0.015,0.105,0.5775
Dream-v0-Instruct-7B,length_estimate,0,confidence_k4_tnone_bfull_T0.0,400,0.0425,0.23,0.025,0.1225,0.61
Dream-v0-Instruct-7B,oracle,0,confidence_k16_tnone_bfull_T0.0,400,0.01,0.0,0.005,0.0525,0.155
Dream-v0-Instruct-7B,oracle,0,confidence_k1_tnone_bfull_T0.0,400,0.0025,0.0,0.0,0.01,0.1025
Dream-v0-Instruct-7B,oracle,0,confidence_k2_tnone_bfull_T0.0,400,0.0025,0.0,0.0,0.0075,0.12
Dream-v0-Instruct-7B,oracle,0,confidence_k4_tnone_bfull_T0.0,400,0.005,0.0,0.0025,0.025,0.13
Dream-v0-Instruct-7B,oracle,0,confidence_k8_tnone_bfull_T0.0,400,0.0075,0.0,0.005,0.0375,0.1375
Dream-v0-Instruct-7B,oracle,1,confidence_k16_tnone_bfull_T0.0,400,0.005,0.45,0.01,0.2525,0.95
Dream-v0-Instruct-7B,oracle,1,confidence_k1_tnone_bfull_T0.0,400,0.0075,0.3325,0.005,0.1775,0.845
Dream-v0-Instruct-7B,oracle,1,confidence_k4_tnone_bfull_T0.0,400,0.005,0.3525,0.0075,0.2,0.8975
Dream-v0-Instruct-7B,oracle,2,confidence_k16_tnone_bfull_T0.0,400,0.005,0.4425,0.005,0.36,0.9825
Dream-v0-Instruct-7B,oracle,2,confidence_k1_tnone_bfull_T0.0,400,0.005,0.5025,0.015,0.2475,0.9675
Dream-v0-Instruct-7B,oracle,2,confidence_k4_tnone_bfull_T0.0,400,0.0025,0.4825,0.01,0.2725,0.9725
Dream-v0-Instruct-7B,oracle,4,confidence_k16_tnone_bfull_T0.0,400,0.015,0.2725,0.0325,0.375,0.9275
Dream-v0-Instruct-7B,oracle,4,confidence_k1_tnone_bfull_T0.0,400,0.0025,0.3475,0.025,0.1925,0.83
Dream-v0-Instruct-7B,oracle,4,confidence_k4_tnone_bfull_T0.0,400,0.0075,0.345,0.02,0.22,0.855
Dream-v0-Instruct-7B,oracle,8,confidence_k16_tnone_bfull_T0.0,400,0.015,0.105,0.005,0.1625,0.525
Dream-v0-Instruct-7B,oracle,8,confidence_k1_tnone_bfull_T0.0,400,0.0025,0.1075,0.01,0.105,0.4
Dream-v0-Instruct-7B,oracle,8,confidence_k4_tnone_bfull_T0.0,400,0.0075,0.1,0.015,0.11,0.43
Dream-v0-Instruct-7B,swap,0,confidence_k16_tnone_bfull_T0.0,165,0.18181818181818182,0.006060606060606061,0.01818181818181818,0.03636363636363636,0.44242424242424244
Dream-v0-Instruct-7B,swap,0,confidence_k1_tnone_bfull_T0.0,165,0.1393939393939394,0.0,0.0,0.012121212121212121,0.32727272727272727
Dream-v0-Instruct-7B,swap,0,confidence_k4_tnone_bfull_T0.0,165,0.1393939393939394,0.006060606060606061,0.01818181818181818,0.0,0.3515151515151515
LLaDA2.0-mini,length_estimate,0,confidence_k1_tnone_b32_T0.0,100,0.06,0.15,0.0,0.19,0.61
LLaDA2.0-mini,length_estimate,0,confidence_k4_tnone_b32_T0.0,100,0.05,0.18,0.0,0.2,0.62
LLaDA2.0-mini,oracle,0,confidence_k16_tnone_b32_T0.0,400,0.015,0.01,0.0075,0.0625,0.2025
LLaDA2.0-mini,oracle,0,confidence_k1_tnone_b32_T0.0,400,0.0175,0.0075,0.0,0.0475,0.1225
LLaDA2.0-mini,oracle,0,confidence_k2_tnone_b32_T0.0,400,0.015,0.0075,0.005,0.0425,0.125
LLaDA2.0-mini,oracle,0,confidence_k4_tnone_b32_T0.0,400,0.015,0.0125,0.005,0.0475,0.135
LLaDA2.0-mini,oracle,0,confidence_k8_tnone_b32_T0.0,400,0.015,0.0125,0.0075,0.0575,0.1675
LLaDA2.0-mini,oracle,1,confidence_k16_tnone_b32_T0.0,100,0.02,0.41,0.02,0.3,0.96
LLaDA2.0-mini,oracle,1,confidence_k1_tnone_b32_T0.0,100,0.01,0.34,0.02,0.24,0.84
LLaDA2.0-mini,oracle,1,confidence_k4_tnone_b32_T0.0,100,0.02,0.35,0.02,0.25,0.88
LLaDA2.0-mini,oracle,2,confidence_k16_tnone_b32_T0.0,100,0.01,0.32,0.03,0.4,0.98
LLaDA2.0-mini,oracle,2,confidence_k1_tnone_b32_T0.0,100,0.0,0.4,0.04,0.18,0.92
LLaDA2.0-mini,oracle,2,confidence_k4_tnone_b32_T0.0,100,0.01,0.28,0.03,0.3,0.93
LLaDA2.0-mini,oracle,4,confidence_k16_tnone_b32_T0.0,100,0.04,0.18,0.02,0.2,0.78
LLaDA2.0-mini,oracle,4,confidence_k1_tnone_b32_T0.0,100,0.12,0.27,0.08,0.04,0.83
LLaDA2.0-mini,oracle,4,confidence_k4_tnone_b32_T0.0,100,0.11,0.2,0.06,0.11,0.75
LLaDA2.0-mini,oracle,8,confidence_k16_tnone_b32_T0.0,100,0.21,0.09,0.06,0.14,0.62
LLaDA2.0-mini,oracle,8,confidence_k1_tnone_b32_T0.0,100,0.32,0.12,0.11,0.04,0.62
LLaDA2.0-mini,oracle,8,confidence_k4_tnone_b32_T0.0,100,0.28,0.05,0.1,0.09,0.65
LLaDA2.0-mini,swap,0,confidence_k1_tnone_b32_T0.0,34,0.29411764705882354,0.08823529411764706,0.0,0.08823529411764706,0.8235294117647058
LLaDA2.0-mini,swap,0,confidence_k4_tnone_b32_T0.0,34,0.29411764705882354,0.08823529411764706,0.0,0.058823529411764705,0.8529411764705882
