model,length_mode,surplus,end_bias,cfg,n,set_acc,syntax,ccer,scer,overfill,nfe
Dream-v0-Instruct-7B,length_estimate,0,0.0,confidence_k16_tnone_bfull_T0.0,400,0.3225,0.82,0.11,0.4725,0.2725,3.775
Dream-v0-Instruct-7B,length_estimate,0,0.0,confidence_k1_tnone_bfull_T0.0,400,0.4225,0.895,0.075,0.4475,0.25,53.0775
Dream-v0-Instruct-7B,length_estimate,0,0.0,confidence_k4_tnone_bfull_T0.0,400,0.39,0.8775,0.0825,0.46,0.28,13.385
Dream-v0-Instruct-7B,oracle,0,0.0,confidence_k16_tnone_bfull_T0.0,400,0.845,0.9475,0.02,0.09,0.0125,2.1875
Dream-v0-Instruct-7B,oracle,1,0.0,confidence_k16_tnone_bfull_T0.0,400,0.05,0.7475,0.0975,0.6925,0.6,2.6975
Dream-v0-Instruct-7B,oracle,2,0.0,confidence_k16_tnone_bfull_T0.0,400,0.0175,0.64,0.0675,0.62,0.57,3.155
Dream-v0-Instruct-7B,oracle,4,0.0,confidence_k16_tnone_bfull_T0.0,400,0.0725,0.625,0.1,0.5475,0.4,4.0175
Dream-v0-Instruct-7B,oracle,8,0.0,confidence_k16_tnone_bfull_T0.0,400,0.475,0.8375,0.0475,0.3525,0.2275,4.35
Dream-v0-Instruct-7B,oracle,0,0.0,confidence_k1_tnone_bfull_T0.0,400,0.8975,0.99,0.0125,0.0875,0.005,27.9875
Dream-v0-Instruct-7B,oracle,1,0.0,confidence_k1_tnone_bfull_T0.0,400,0.155,0.8225,0.0575,0.6625,0.5375,35.64
Dream-v0-Instruct-7B,oracle,2,0.0,confidence_k1_tnone_bfull_T0.0,400,0.0325,0.7525,0.0525,0.72,0.625,43.16
Dream-v0-Instruct-7B,oracle,4,0.0,confidence_k1_tnone_bfull_T0.0,400,0.17,0.8075,0.0425,0.6375,0.51,55.6075
Dream-v0-Instruct-7B,oracle,8,0.0,confidence_k1_tnone_bfull_T0.0,400,0.6,0.895,0.0175,0.29,0.18,69.7925
Dream-v0-Instruct-7B,oracle,0,0.0,confidence_k2_tnone_bfull_T0.0,400,0.88,0.9925,0.0125,0.1075,0.005,14.195
Dream-v0-Instruct-7B,oracle,0,0.0,confidence_k4_tnone_bfull_T0.0,400,0.87,0.975,0.015,0.0975,0.01,7.3275
Dream-v0-Instruct-7B,oracle,1,0.0,confidence_k4_tnone_bfull_T0.0,400,0.1025,0.8,0.065,0.695,0.56,9.2675
Dream-v0-Instruct-7B,oracle,2,0.0,confidence_k4_tnone_bfull_T0.0,400,0.0275,0.7275,0.0425,0.7,0.5975,11.1475
Dream-v0-Instruct-7B,oracle,4,0.0,confidence_k4_tnone_bfull_T0.0,400,0.145,0.78,0.0525,0.63,0.5075,14.2225
Dream-v0-Instruct-7B,oracle,8,0.0,confidence_k4_tnone_bfull_T0.0,400,0.57,0.89,0.035,0.3125,0.1825,16.0425
Dream-v0-Instruct-7B,oracle,0,0.0,confidence_k8_tnone_bfull_T0.0,400,0.8625,0.9625,0.0175,0.09,0.01,3.92
Dream-v0-Instruct-7B,oracle,2,2.0,confidence_k4_tnone_bfull_T0.0,400,0.0275,0.7575,0.045,0.73,0.6225,11.0925
Dream-v0-Instruct-7B,oracle,8,2.0,confidence_k4_tnone_bfull_T0.0,400,0.7225,0.9325,0.0175,0.2025,0.065,16.44
Dream-v0-Instruct-7B,oracle,2,4.0,confidence_k4_tnone_bfull_T0.0,400,0.065,0.79,0.0575,0.7225,0.5775,10.9425
Dream-v0-Instruct-7B,oracle,8,4.0,confidence_k4_tnone_bfull_T0.0,400,0.7125,0.8825,0.035,0.155,0.025,16.955
Dream-v0-Instruct-7B,oracle,2,8.0,confidence_k4_tnone_bfull_T0.0,400,0.1375,0.5725,0.135,0.425,0.1775,9.2925
Dream-v0-Instruct-7B,oracle,8,8.0,confidence_k4_tnone_bfull_T0.0,400,0.2025,0.3725,0.08,0.165,0.0,15.92
Qwen2.5-7B-Instruct,oracle,0,0.0,ar_greedy,400,0.865,0.9825,0.0125,0.11,0.0025,36.975
Qwen2.5-7B-Instruct,oracle,8,0.0,ar_greedy,400,0.89,0.9925,0.02,0.0925,0.0075,37.5325
LLaDA2.0-mini,length_estimate,0,0.0,confidence_k1_tnone_b32_T0.0,100,0.39,0.81,0.14,0.38,0.1,24.62
LLaDA2.0-mini,length_estimate,0,0.0,confidence_k4_tnone_b32_T0.0,100,0.38,0.8,0.12,0.4,0.09,7.28
LLaDA2.0-mini,oracle,0,0.0,confidence_k16_tnone_b32_T0.0,100,0.87,0.96,0.03,0.07,0.0,3.45
LLaDA2.0-mini,oracle,1,0.0,confidence_k16_tnone_b32_T0.0,100,0.04,0.7,0.15,0.66,0.56,3.91
LLaDA2.0-mini,oracle,0,0.0,confidence_k1_tnone_b32_T0.0,100,0.92,0.98,0.02,0.06,0.0,24.15
LLaDA2.0-mini,oracle,1,0.0,confidence_k1_tnone_b32_T0.0,100,0.16,0.76,0.12,0.6,0.46,31.3
LLaDA2.0-mini,oracle,2,0.0,confidence_k1_tnone_b32_T0.0,100,0.08,0.82,0.17,0.74,0.59,37.33
LLaDA2.0-mini,oracle,8,0.0,confidence_k1_tnone_b32_T0.0,100,0.38,0.96,0.36,0.4,0.1,48.42
LLaDA2.0-mini,oracle,0,0.0,confidence_k2_tnone_b32_T0.0,100,0.93,0.98,0.02,0.05,0.0,12.92
LLaDA2.0-mini,oracle,0,0.0,confidence_k4_tnone_b32_T0.0,100,0.9,0.96,0.03,0.05,0.0,7.4
LLaDA2.0-mini,oracle,1,0.0,confidence_k4_tnone_b32_T0.0,100,0.12,0.75,0.1,0.63,0.52,9.19
LLaDA2.0-mini,oracle,2,0.0,confidence_k4_tnone_b32_T0.0,100,0.07,0.7,0.12,0.63,0.44,10.8
LLaDA2.0-mini,oracle,8,0.0,confidence_k4_tnone_b32_T0.0,100,0.35,0.91,0.31,0.4,0.1,14.14
LLaDA2.0-mini,oracle,0,0.0,confidence_k8_tnone_b32_T0.0,100,0.87,0.95,0.03,0.07,0.0,4.53
