model,condition,n,duplicate_call,cross_binding,chimera_value,inconsistent_shared_arg,ccer,set_acc
Dream-org/Dream-v0-Instruct-7B,"exact, k=16",400,0.005,0.0075,0.0,0.0075,0.02,0.845
Dream-org/Dream-v0-Instruct-7B,"estimate, k=1",400,0.015,0.035,0.0,0.0225,0.065,0.4225
Dream-org/Dream-v0-Instruct-7B,"estimate, k=16",400,0.03,0.0425,0.0025,0.0375,0.1025,0.3225
Dream-org/Dream-v0-Instruct-7B,"estimate, k=4",400,0.025,0.035,0.0,0.0225,0.075,0.39
Dream-org/Dream-v0-Instruct-7B,"surplus +1, k=1",400,0.005,0.0075,0.0,0.015,0.0275,0.155
Dream-org/Dream-v0-Instruct-7B,"surplus +2, k=1",400,0.015,0.005,0.005,0.015,0.0375,0.0325
Dream-org/Dream-v0-Instruct-7B,"surplus +4, k=1",400,0.025,0.0025,0.005,0.0075,0.0375,0.17
Dream-org/Dream-v0-Instruct-7B,"surplus +8, k=1",400,0.01,0.005,0.0,0.0025,0.0175,0.6
Dream-org/Dream-v0-Instruct-7B,"exact, k=16",165,0.0,0.006060606060606061,0.0,0.006060606060606061,0.012121212121212121,0.8909090909090909
Dream-org/Dream-v0-Instruct-7B,"swap, k=1",165,0.0,0.15151515151515152,0.0,0.0,0.15151515151515152,0.6727272727272727
inclusionAI/LLaDA2.0-mini,"exact, k=16",100,0.01,0.01,0.0,0.01,0.03,0.87
inclusionAI/LLaDA2.0-mini,"estimate, k=1",100,0.0,0.06,0.0,0.07,0.12,0.39
inclusionAI/LLaDA2.0-mini,"estimate, k=4",100,0.0,0.05,0.01,0.05,0.1,0.38
inclusionAI/LLaDA2.0-mini,"surplus +1, k=1",100,0.02,0.01,0.01,0.04,0.07,0.16
inclusionAI/LLaDA2.0-mini,"surplus +2, k=1",100,0.04,0.0,0.0,0.05,0.09,0.08
inclusionAI/LLaDA2.0-mini,"surplus +4, k=1",100,0.08,0.09,0.0,0.06,0.21,0.17
inclusionAI/LLaDA2.0-mini,"surplus +8, k=1",100,0.11,0.26,0.0,0.03,0.35,0.38
inclusionAI/LLaDA2.0-mini,"exact, k=16",34,0.029411764705882353,0.029411764705882353,0.0,0.029411764705882353,0.08823529411764706,0.7941176470588235
inclusionAI/LLaDA2.0-mini,"swap, k=1",34,0.0,0.29411764705882354,0.029411764705882353,0.0,0.29411764705882354,0.17647058823529413
