model,length_mode,surplus,end_bias,cfg,slots,n_slots,own,sibling_fit,sibling,overfill,truncated,other,unparsed,n_items,set_acc,ccer
Dream-v0-Instruct-7B,length_estimate,0,0.0,confidence_k16_tnone_bfull_T0.0,all,3063,0.5984329089128305,0.013385569702905649,0.004570682337577538,0.1305909239307868,0.01207966046359778,0.07051909892262488,0.17042115572967678,400,0.3225,0.1025
Dream-v0-Instruct-7B,length_estimate,0,0.0,confidence_k1_tnone_bfull_T0.0,all,3063,0.6787463271302644,0.011753183153770812,0.002285341168788769,0.1227554684949396,0.012732615083251714,0.0603983023179889,0.11132876265099576,400,0.4225,0.065
Dream-v0-Instruct-7B,length_estimate,0,0.0,confidence_k4_tnone_bfull_T0.0,all,3063,0.6398955272608554,0.011426705843943846,0.00326477309826967,0.13450865164871043,0.011426705843943846,0.0623571661769507,0.13712047012732614,400,0.39,0.075
Dream-v0-Instruct-7B,oracle,0,0.0,confidence_k16_tnone_bfull_T0.0,all,3063,0.9200130590923931,0.00652954619653934,0.0,0.002285341168788769,0.000326477309826967,0.021221025138752857,0.04962455109369899,400,0.845,0.02
Dream-v0-Instruct-7B,oracle,0,0.0,confidence_k1_tnone_bfull_T0.0,all,3063,0.9539666993143977,0.0075089781260202415,0.0,0.001632386549134835,0.0,0.02742409402546523,0.009467841984982043,400,0.8975,0.01
Dream-v0-Instruct-7B,oracle,0,0.0,confidence_k2_tnone_bfull_T0.0,all,3063,0.951028403525955,0.0075089781260202415,0.0,0.0009794319294809011,0.000652954619653934,0.031994776363042765,0.007835455435847209,400,0.88,0.01
Dream-v0-Instruct-7B,oracle,0,0.0,confidence_k4_tnone_bfull_T0.0,all,3063,0.940254652301665,0.007182500816193275,0.0,0.0019588638589618022,0.000652954619653934,0.0277505713352922,0.02220045706823376,400,0.87,0.0125
Dream-v0-Instruct-7B,oracle,0,0.0,confidence_k8_tnone_bfull_T0.0,all,3063,0.9327456741756448,0.006203068886712374,0.0,0.001632386549134835,0.000326477309826967,0.025465230166503428,0.033627162912177606,400,0.8625,0.015
Dream-v0-Instruct-7B,oracle,1,0.0,confidence_k16_tnone_bfull_T0.0,all,3063,0.21057786483839372,0.0019588638589618022,0.0009794319294809011,0.3823049298073784,0.0035912504080966375,0.12895853738165197,0.27162912177603654,400,0.05,0.07
Dream-v0-Instruct-7B,oracle,1,0.0,confidence_k1_tnone_bfull_T0.0,all,3063,0.33986287952987265,0.001632386549134835,0.00326477309826967,0.3512895853738165,0.0035912504080966375,0.11655239960822723,0.18380672543258245,400,0.155,0.0275
Dream-v0-Instruct-7B,oracle,1,0.0,confidence_k4_tnone_bfull_T0.0,all,3063,0.3179888997714659,0.001632386549134835,0.002285341168788769,0.34900424420502774,0.004244205027750571,0.1247143323539014,0.2001305909239308,400,0.1025,0.0375
Dream-v0-Instruct-7B,oracle,2,0.0,confidence_k16_tnone_bfull_T0.0,all,3063,0.08259875938622266,0.000652954619653934,0.0009794319294809011,0.40385243225595824,0.002938295788442703,0.15181194906953965,0.3571661769507019,400,0.0175,0.045
Dream-v0-Instruct-7B,oracle,2,0.0,confidence_k1_tnone_bfull_T0.0,all,3063,0.12047012732615084,0.0009794319294809011,0.0,0.4404178909565785,0.0009794319294809011,0.1821743388834476,0.25497877897486126,400,0.0325,0.0375
Dream-v0-Instruct-7B,oracle,2,0.0,confidence_k4_tnone_bfull_T0.0,all,3063,0.11426705843943846,0.0,0.0009794319294809011,0.4247469800848841,0.001305909239307868,0.17695070192621612,0.28174991838067254,400,0.0275,0.0325
Dream-v0-Instruct-7B,oracle,2,2.0,confidence_k4_tnone_bfull_T0.0,all,3063,0.1335292197192295,0.0,0.000652954619653934,0.44172380019588636,0.004570682337577538,0.17662422461638916,0.24289911851126347,400,0.0275,0.0325
Dream-v0-Instruct-7B,oracle,2,4.0,confidence_k4_tnone_bfull_T0.0,all,3063,0.21384263793666342,0.0,0.00326477309826967,0.3829578844270323,0.01860920666013712,0.1694417238001959,0.2118837740777016,400,0.065,0.0425
Dream-v0-Instruct-7B,oracle,2,8.0,confidence_k4_tnone_bfull_T0.0,all,3063,0.27783219066274895,0.0,0.01207966046359778,0.09500489715964741,0.03623898139079334,0.12895853738165197,0.44988573294156053,400,0.1375,0.125
Dream-v0-Instruct-7B,oracle,4,0.0,confidence_k16_tnone_bfull_T0.0,all,3063,0.22853411687887693,0.0,0.00555011426705844,0.24975514201762977,0.0039177277179236044,0.14985308521057786,0.3623898139079334,400,0.0725,0.095
Dream-v0-Instruct-7B,oracle,4,0.0,confidence_k1_tnone_bfull_T0.0,all,3063,0.29644139732288605,0.0,0.001305909239307868,0.3418217433888345,0.001305909239307868,0.15409729023832844,0.2050277505713353,400,0.17,0.0375
Dream-v0-Instruct-7B,oracle,4,0.0,confidence_k4_tnone_bfull_T0.0,all,3063,0.27293503101534444,0.0,0.0019588638589618022,0.34573947110675807,0.002285341168788769,0.15834149526607902,0.21873979758406792,400,0.145,0.0475
Dream-v0-Instruct-7B,oracle,8,0.0,confidence_k16_tnone_bfull_T0.0,all,3063,0.6787463271302644,0.0,0.008161932745674175,0.11034933072151486,0.001632386549134835,0.05713352921971923,0.14397649363369247,400,0.475,0.045
Dream-v0-Instruct-7B,oracle,8,0.0,confidence_k1_tnone_bfull_T0.0,all,3063,0.7362063336598107,0.0,0.00555011426705844,0.10447273914462944,0.000326477309826967,0.054195233431276524,0.09924910218739798,400,0.6,0.0175
Dream-v0-Instruct-7B,oracle,8,0.0,confidence_k4_tnone_bfull_T0.0,all,3063,0.7270649689846556,0.0,0.009141364675155077,0.10251387528566765,0.0009794319294809011,0.05680705190989226,0.10349330721514854,400,0.57,0.0325
Dream-v0-Instruct-7B,oracle,8,2.0,confidence_k4_tnone_bfull_T0.0,all,3063,0.8383937316356513,0.0,0.01305909239307868,0.036891936010447275,0.0035912504080966375,0.042442050277505715,0.06562193927522038,400,0.7225,0.0175
Dream-v0-Instruct-7B,oracle,8,4.0,confidence_k4_tnone_bfull_T0.0,all,3063,0.8272935031015345,0.0,0.011426705843943846,0.012732615083251714,0.010773751224289911,0.037544890630101205,0.10022853411687888,400,0.7125,0.0275
Dream-v0-Instruct-7B,oracle,8,8.0,confidence_k4_tnone_bfull_T0.0,all,3063,0.31635651322233105,0.0,0.0075089781260202415,0.0,0.01665034280117532,0.06268364348677767,0.5968005223636957,400,0.2025,0.08
