model,length_mode,surplus,end_bias,cfg,slots,n_slots,own,sibling_fit,sibling,overfill,truncated,other,unparsed,n_items,set_acc,ccer
Dream-v0-Instruct-7B,oracle,0,0.0,confidence_k16_tnone_bfull_T0.0,all,514,0.9357976653696498,0.0,0.0,0.009727626459143969,0.0,0.0311284046692607,0.023346303501945526,165,0.8909090909090909,0.012121212121212121
Dream-v0-Instruct-7B,oracle,0,0.0,confidence_k16_tnone_bfull_T0.0,longer,258,0.9341085271317829,0.0,0.0,0.007751937984496124,0.0,0.03488372093023256,0.023255813953488372,,,
Dream-v0-Instruct-7B,oracle,0,0.0,confidence_k16_tnone_bfull_T0.0,shorter,256,0.9375,0.0,0.0,0.01171875,0.0,0.02734375,0.0234375,,,
Dream-v0-Instruct-7B,oracle,0,0.0,confidence_k1_tnone_bfull_T0.0,all,514,0.9630350194552529,0.0,0.0,0.0019455252918287938,0.0,0.03501945525291829,0.0,165,0.9333333333333333,0.006060606060606061
Dream-v0-Instruct-7B,oracle,0,0.0,confidence_k1_tnone_bfull_T0.0,longer,258,0.9612403100775194,0.0,0.0,0.0,0.0,0.03875968992248062,0.0,,,
Dream-v0-Instruct-7B,oracle,0,0.0,confidence_k1_tnone_bfull_T0.0,shorter,256,0.96484375,0.0,0.0,0.00390625,0.0,0.03125,0.0,,,
Dream-v0-Instruct-7B,oracle,0,0.0,confidence_k2_tnone_bfull_T0.0,all,514,0.9571984435797666,0.0,0.0,0.0019455252918287938,0.0,0.04085603112840467,0.0,165,0.9212121212121213,0.006060606060606061
Dream-v0-Instruct-7B,oracle,0,0.0,confidence_k2_tnone_bfull_T0.0,longer,258,0.9534883720930233,0.0,0.0,0.0,0.0,0.046511627906976744,0.0,,,
Dream-v0-Instruct-7B,oracle,0,0.0,confidence_k2_tnone_bfull_T0.0,shorter,256,0.9609375,0.0,0.0,0.00390625,0.0,0.03515625,0.0,,,
Dream-v0-Instruct-7B,oracle,0,0.0,confidence_k4_tnone_bfull_T0.0,all,514,0.953307392996109,0.0,0.0,0.005836575875486381,0.0,0.04085603112840467,0.0,165,0.9212121212121213,0.006060606060606061
Dream-v0-Instruct-7B,oracle,0,0.0,confidence_k4_tnone_bfull_T0.0,longer,258,0.9457364341085271,0.0,0.0,0.007751937984496124,0.0,0.046511627906976744,0.0,,,
Dream-v0-Instruct-7B,oracle,0,0.0,confidence_k4_tnone_bfull_T0.0,shorter,256,0.9609375,0.0,0.0,0.00390625,0.0,0.03515625,0.0,,,
Dream-v0-Instruct-7B,oracle,0,0.0,confidence_k8_tnone_bfull_T0.0,all,514,0.9494163424124513,0.0,0.0,0.005836575875486381,0.0,0.04085603112840467,0.0038910505836575876,165,0.9151515151515152,0.006060606060606061
Dream-v0-Instruct-7B,oracle,0,0.0,confidence_k8_tnone_bfull_T0.0,longer,258,0.9457364341085271,0.0,0.0,0.003875968992248062,0.0,0.046511627906976744,0.003875968992248062,,,
Dream-v0-Instruct-7B,oracle,0,0.0,confidence_k8_tnone_bfull_T0.0,shorter,256,0.953125,0.0,0.0,0.0078125,0.0,0.03515625,0.00390625,,,
Dream-v0-Instruct-7B,swap,0,0.0,confidence_k16_tnone_bfull_T0.0,all,514,0.042801556420233464,0.7334630350194552,0.0,0.029182879377431907,0.021400778210116732,0.12062256809338522,0.05252918287937743,165,0.5575757575757576,0.23636363636363636
Dream-v0-Instruct-7B,swap,0,0.0,confidence_k16_tnone_bfull_T0.0,longer,258,0.05426356589147287,0.7325581395348837,0.0,0.05813953488372093,0.0,0.10077519379844961,0.05426356589147287,,,
Dream-v0-Instruct-7B,swap,0,0.0,confidence_k16_tnone_bfull_T0.0,shorter,256,0.03125,0.734375,0.0,0.0,0.04296875,0.140625,0.05078125,,,
Dream-v0-Instruct-7B,swap,0,0.0,confidence_k1_tnone_bfull_T0.0,all,514,0.054474708171206226,0.7937743190661478,0.0,0.023346303501945526,0.023346303501945526,0.09727626459143969,0.007782101167315175,165,0.6727272727272727,0.16363636363636364
Dream-v0-Instruct-7B,swap,0,0.0,confidence_k1_tnone_bfull_T0.0,longer,258,0.05813953488372093,0.7906976744186046,0.0,0.046511627906976744,0.0,0.09689922480620156,0.007751937984496124,,,
Dream-v0-Instruct-7B,swap,0,0.0,confidence_k1_tnone_bfull_T0.0,shorter,256,0.05078125,0.796875,0.0,0.0,0.046875,0.09765625,0.0078125,,,
Dream-v0-Instruct-7B,swap,0,0.0,confidence_k4_tnone_bfull_T0.0,all,514,0.0622568093385214,0.7723735408560312,0.0,0.023346303501945526,0.023346303501945526,0.11867704280155641,0.0,165,0.6484848484848484,0.19393939393939394
Dream-v0-Instruct-7B,swap,0,0.0,confidence_k4_tnone_bfull_T0.0,longer,258,0.06976744186046512,0.7674418604651163,0.0,0.046511627906976744,0.003875968992248062,0.1124031007751938,0.0,,,
Dream-v0-Instruct-7B,swap,0,0.0,confidence_k4_tnone_bfull_T0.0,shorter,256,0.0546875,0.77734375,0.0,0.0,0.04296875,0.125,0.0,,,
